-- phpMyAdmin SQL Dump
-- version 5.2.0
-- https://www.phpmyadmin.net/
--
-- Host: 127.0.0.1
-- Generation Time: Dec 23, 2022 at 09:05 AM
-- Server version: 10.4.27-MariaDB
-- PHP Version: 8.1.12

SET SQL_MODE = "NO_AUTO_VALUE_ON_ZERO";
START TRANSACTION;
SET time_zone = "+00:00";


/*!40101 SET @OLD_CHARACTER_SET_CLIENT=@@CHARACTER_SET_CLIENT */;
/*!40101 SET @OLD_CHARACTER_SET_RESULTS=@@CHARACTER_SET_RESULTS */;
/*!40101 SET @OLD_COLLATION_CONNECTION=@@COLLATION_CONNECTION */;
/*!40101 SET NAMES utf8mb4 */;

--
-- Database: `opd`
--

-- --------------------------------------------------------

--
-- Table structure for table `categories`
--

CREATE TABLE `categories` (
  `categorieId` int(12) NOT NULL,
  `categorieName` varchar(255) NOT NULL,
  `categorieDesc` text NOT NULL,
  `categorieCreateDate` datetime NOT NULL DEFAULT current_timestamp()
) ENGINE=InnoDB DEFAULT CHARSET=utf8mb4 COLLATE=utf8mb4_general_ci;

--
-- Dumping data for table `categories`
--

INSERT INTO `categories` (`categorieId`, `categorieName`, `categorieDesc`, `categorieCreateDate`) VALUES
(1, 'VEG PIZZA', 'A delight for veggie lovers! Choose from our wide range of delicious vegetarian pizzas, it is softer and tastier', '2022-12-17 18:16:28'),
(2, 'NON-VEG PIZZA', 'Choose your favourite non-veg pizzas from the Domino is Pizza menu. Get fresh non-veg pizza with your choice of crusts & toppings', '2022-12-17 18:16:28'),
(3, 'PIZZA MANIA', 'Indulge into mouth-watering taste of Pizza mania range, perfect answer to all your food cravings', '2022-12-17 18:16:28'),
(4, 'SIDES ORDERS', 'Complement your pizza with wide range of sides available at Domino is Pizza India', '2022-12-17 18:16:28'),
(5, 'BEVERAGES', 'Complement your pizza with wide range of beverages available at Domino is Pizza India', '2022-12-17 18:16:28'),
(6, 'CHOICE OF CRUSTS', 'Fresh Pan Pizza Tastiest Pan Pizza. ... Domino\'s freshly made pan-baked pizza; deliciously soft ,buttery,extra cheesy and delightfully crunchy.', '2022-12-17 18:16:28'),
(7, 'BURGER PIZZA', 'Domino is Pizza Introducing all new Burger Pizza with the tag line looks like a burger, tastes like a pizza. Burger Pizza is burger sized but comes in a small pizza box. It is come with pizza toppings such as herbs, vegetables, tomato sauce and mozzarella,', '2022-12-17 18:16:28'),
(8, 'CHOICE OF TOPPINGS', 'CHOICE OF TOPPINGS', '2022-12-17 18:16:28');

-- --------------------------------------------------------

--
-- Table structure for table `contact`
--

CREATE TABLE `contact` (
  `contactId` int(21) NOT NULL,
  `userId` int(21) NOT NULL,
  `email` varchar(35) NOT NULL,
  `phoneNo` bigint(21) NOT NULL,
  `orderId` int(21) NOT NULL DEFAULT 0 COMMENT 'If problem is not related to the order then order id = 0',
  `message` text NOT NULL,
  `time` datetime NOT NULL DEFAULT current_timestamp()
) ENGINE=InnoDB DEFAULT CHARSET=utf8mb4 COLLATE=utf8mb4_general_ci;

--
-- Dumping data for table `contact`
--

INSERT INTO `contact` (`contactId`, `userId`, `email`, `phoneNo`, `orderId`, `message`, `time`) VALUES
(1, 5, 'ahmedabdelmotilab@gmail.com', 2015531309, 1, 'HURRRRRRY UP', '2022-12-23 09:29:20');

-- --------------------------------------------------------

--
-- Table structure for table `contactreply`
--

CREATE TABLE `contactreply` (
  `id` int(21) NOT NULL,
  `contactId` int(21) NOT NULL,
  `userId` int(23) NOT NULL,
  `message` text NOT NULL,
  `datetime` datetime NOT NULL DEFAULT current_timestamp()
) ENGINE=InnoDB DEFAULT CHARSET=utf8mb4 COLLATE=utf8mb4_general_ci;

--
-- Dumping data for table `contactreply`
--

INSERT INTO `contactreply` (`id`, `contactId`, `userId`, `message`, `datetime`) VALUES
(1, 1, 5, 'okkkkkkk', '2022-12-23 09:32:22');

-- --------------------------------------------------------

--
-- Table structure for table `deliverydetails`
--

CREATE TABLE `deliverydetails` (
  `id` int(21) NOT NULL,
  `orderId` int(21) NOT NULL,
  `deliveryBoyName` varchar(35) NOT NULL,
  `deliveryBoyPhoneNo` bigint(25) NOT NULL,
  `deliveryTime` int(200) NOT NULL COMMENT 'Time in minutes',
  `dateTime` datetime NOT NULL DEFAULT current_timestamp()
) ENGINE=InnoDB DEFAULT CHARSET=utf8mb4 COLLATE=utf8mb4_general_ci;

--
-- Dumping data for table `deliverydetails`
--

INSERT INTO `deliverydetails` (`id`, `orderId`, `deliveryBoyName`, `deliveryBoyPhoneNo`, `deliveryTime`, `dateTime`) VALUES
(1, 1, 'Ahmed', 1234567890, 60, '2022-12-23 09:31:34'),
(2, 2, 'Ahmed', 1234567890, 60, '2022-12-23 09:31:47'),
(3, 3, 'Ahmed', 1234567890, 60, '2022-12-23 09:32:04');

-- --------------------------------------------------------

--
-- Table structure for table `orderitems`
--

CREATE TABLE `orderitems` (
  `id` int(21) NOT NULL,
  `orderId` int(21) NOT NULL,
  `pizzaId` int(21) NOT NULL,
  `itemQuantity` int(100) NOT NULL
) ENGINE=InnoDB DEFAULT CHARSET=utf8mb4 COLLATE=utf8mb4_general_ci;

--
-- Dumping data for table `orderitems`
--

INSERT INTO `orderitems` (`id`, `orderId`, `pizzaId`, `itemQuantity`) VALUES
(1, 1, 47, 1),
(2, 1, 48, 1),
(3, 1, 49, 1),
(4, 1, 1, 1),
(5, 1, 3, 1),
(6, 1, 5, 1),
(7, 1, 11, 1),
(8, 2, 47, 1),
(9, 2, 48, 1),
(10, 2, 49, 1),
(11, 2, 1, 1),
(12, 2, 3, 1),
(13, 2, 5, 1),
(14, 2, 11, 1),
(15, 3, 42, 1),
(16, 3, 43, 1),
(17, 3, 44, 1),
(18, 3, 45, 1),
(19, 3, 46, 1);

-- --------------------------------------------------------

--
-- Table structure for table `orders`
--

CREATE TABLE `orders` (
  `orderId` int(21) NOT NULL,
  `userId` int(21) NOT NULL,
  `address` varchar(255) NOT NULL,
  `zipCode` int(21) NOT NULL,
  `phoneNo` bigint(21) NOT NULL,
  `amount` int(200) NOT NULL,
  `paymentMode` enum('0','1') NOT NULL DEFAULT '0' COMMENT '0=cash on delivery, \r\n1=online ',
  `orderStatus` enum('0','1','2','3','4','5','6') NOT NULL DEFAULT '0' COMMENT '0=Order Placed.\r\n1=Order Confirmed.\r\n2=Preparing your Order.\r\n3=Your order is on the way!\r\n4=Order Delivered.\r\n5=Order Denied.\r\n6=Order Cancelled.',
  `orderDate` datetime NOT NULL DEFAULT current_timestamp()
) ENGINE=InnoDB DEFAULT CHARSET=utf8mb4 COLLATE=utf8mb4_general_ci;

--
-- Dumping data for table `orders`
--

INSERT INTO `orders` (`orderId`, `userId`, `address`, `zipCode`, `phoneNo`, `amount`, `paymentMode`, `orderStatus`, `orderDate`) VALUES
(1, 5, 'Alexandria, ', 123456, 1234567890, 963, '0', '1', '2022-12-23 09:28:23'),
(2, 6, 'Alex, ', 123456, 1234567890, 963, '0', '1', '2022-12-23 09:30:15'),
(3, 6, 'Alexandria, ', 147852, 1234567890, 1395, '0', '1', '2022-12-23 09:30:44');

-- --------------------------------------------------------

--
-- Table structure for table `pizza`
--

CREATE TABLE `pizza` (
  `pizzaId` int(12) NOT NULL,
  `pizzaName` varchar(255) NOT NULL,
  `pizzaPrice` int(12) NOT NULL,
  `pizzaDesc` text NOT NULL,
  `pizzaCategorieId` int(12) NOT NULL,
  `pizzaPubDate` datetime NOT NULL DEFAULT current_timestamp()
) ENGINE=InnoDB DEFAULT CHARSET=utf8mb4 COLLATE=utf8mb4_general_ci;

--
-- Dumping data for table `pizza`
--

INSERT INTO `pizza` (`pizzaId`, `pizzaName`, `pizzaPrice`, `pizzaDesc`, `pizzaCategorieId`, `pizzaPubDate`) VALUES
(1, 'Margherita', 99, 'A hugely popular margherita, with a deliciously tangy single cheese topping\r\n\r\n', 1, '0000-00-00 00:00:00'),
(2, 'Double Cheese Margherita', 199, 'The ever-popular Margherita - loaded with extra cheese... oodies of it', 1, '2022-12-20 18:16:28'),
(3, 'Farm House\r\n', 149, 'A pizza that goes ballistic on veggies! Check out this mouth watering overload of crunchy, crisp capsicum, succulent mushrooms and fresh tomatoes\r\n\r\n', 1, '2022-12-20 18:16:28'),
(4, 'Peppy Paneer', 249, 'Chunky paneer with crisp capsicum and spicy red pepper - quite a mouthful!\r\n\r\n', 1, '2022-12-20 18:16:28'),
(5, 'Mexican Green Wave\r\n', 149, 'A pizza loaded with crunchy onions, crisp capsicum, juicy tomatoes and jalapeno with a liberal sprinkling of exotic Mexican herbs.\r\n\r\n', 1, '2022-12-20 18:16:28'),
(6, 'Deluxe Veggie\r\n', 319, 'For a vegetarian looking for a BIG treat that goes easy on the spices, this one\'s got it all.. The onions, the capsicum, those delectable mushrooms - with paneer and golden corn to top it all.\r\n\r\n', 1, '2022-12-20 18:16:28'),
(7, 'Veg Extravaganza\r\n', 299, 'A pizza that decidedly staggers under an overload of golden corn, exotic black olives, crunchy onions, crisp capsicum, succulent mushrooms, juicyfresh tomatoes and jalapeno - with extra cheese to go all around.\r\n\r\n', 1, '2022-12-20 18:16:28'),
(8, 'Cheese N Corn\r\n', 199, 'Cheese I Golden Corn', 1, '2022-12-20 18:16:28'),
(9, 'PANEER MAKHANI\r\n', 219, 'Paneer and Capsicum on Makhani Sauce', 1, '2022-12-20 18:16:28'),
(10, 'VEGGIE PARADISE\r\n', 299, 'Goldern Corn, Black Olives, Capsicum & Red Paprika\r\n\r\n', 1, '2022-12-20 18:16:28'),
(11, 'FRESH VEGGIE', 149, 'Onion I Capsicum', 1, '2022-12-20 18:16:28'),
(12, 'Indi Tandoori Paneer\r\n', 349, 'It is hot. It is spicy. It is oh-so-Indian. Tandoori paneer with capsicum I red paprika I mint mayo\r\n\r\n', 1, '2022-12-20 18:16:28'),
(13, 'PEPPER BARBECUE CHICKEN', 199, 'Pepper Barbecue Chicken I Cheese', 2, '2022-12-20 18:16:28'),
(14, 'CHICKEN SAUSAGE', 249, 'Chicken Sausage I Cheese', 2, '2022-12-20 18:16:28'),
(15, 'Chicken Golden Delight\r\n', 249, 'Mmm! Barbeque chicken with a topping of golden corn loaded with extra cheese. Worth its weight in gold!\r\n\r\n', 2, '2022-12-20 18:16:28'),
(16, 'Non Veg Supreme\r\n', 399, 'Bite into supreme delight of Black Olives, Onions, Grilled Mushrooms, Pepper BBQ Chicken, Peri-Peri Chicken, Grilled Chicken Rashers\r\n\r\n', 2, '2022-12-20 18:16:28'),
(17, 'Chicken Dominator', 319, 'Treat your taste buds with Double Pepper Barbecue Chicken, Peri-Peri Chicken, Chicken Tikka & Grilled Chicken Rashers', 2, '2022-12-20 18:16:28'),
(18, 'PEPPER BARBECUE & ONION\r\n', 249, 'Pepper Barbecue Chicken I Onion', 2, '2022-12-20 18:16:28'),
(19, 'CHICKEN FIESTA', 199, 'Grilled Chicken Rashers I Peri-Peri Chicken I Onion I Capsicum', 2, '2022-12-20 18:16:28'),
(20, 'Indi Chicken Tikka', 349, 'The wholesome flavour of tandoori masala with Chicken tikka I onion I red paprika I mint mayo', 2, '2022-12-20 18:16:28'),
(21, 'TOMATO', 99, 'Juicy tomato in a flavourful combination with cheese I tangy sauce', 3, '2022-12-20 18:16:28'),
(22, 'VEG LOADED', 149, 'Tomato | Grilled Mushroom |Jalapeno |Golden Corn | Beans in a fresh pan crust', 3, '2022-12-20 18:16:28'),
(23, 'CHEESY', 99, 'Orange Cheddar Cheese I Mozzarella', 3, '2022-12-20 18:16:28'),
(24, 'CAPSICUM', 99, 'Capsicum', 3, '2022-12-20 18:16:28'),
(25, 'ONION', 99, 'onion', 3, '2022-12-20 18:16:28'),
(26, 'GOLDEN CORN', 139, 'Golden Corn', 3, '2021-03-17 21:48:44'),
(27, 'PANEER & ONION', 149, 'Creamy Paneer | Onion', 3, '2021-03-17 21:49:36'),
(28, 'CHEESE N TOMATO', 149, 'A delectable combination of cheese and juicy tomato', 3, '2021-03-17 21:50:20'),
(29, 'Garlic Breadsticks', 99, 'The endearing tang of garlic in breadstics baked to perfection.', 4, '2021-03-17 22:01:33'),
(30, 'Stuffed Garlic Bread', 99, 'Freshly Baked Garlic Bread stuffed with mozzarella cheese, sweet corns & tangy and spicy jalapeños', 4, '2021-03-17 22:02:50'),
(31, 'Veg Pasta Italiano White', 99, 'Penne Pasta tossed with extra virgin olive oil, exotic herbs & a generous helping of new flavoured sauce.', 4, '2021-03-17 22:03:44'),
(32, 'Non Veg Pasta Italiano White', 99, 'Penne Pasta tossed with extra virgin olive oil, exotic herbs & a generous helping of new flavoured sauce.', 4, '2021-03-17 22:05:08'),
(33, 'Cheese Jalapeno Dip', 35, 'A soft creamy cheese dip spiced with jalapeno.', 4, '2021-03-17 22:06:06'),
(34, 'Cheese Dip', 35, 'A dreamy creamy cheese dip to add that extra tang to your snack.', 4, '2021-03-17 22:06:59'),
(35, 'Lava Cake', 99, 'Filled with delecious molten chocolate inside.', 4, '2021-03-17 22:08:13'),
(36, 'Butterscotch Mousse Cake', 149, 'A Creamy & Chocolaty indulgence with layers of rich, fluffy Butterscotch Cream and delicious Dark Chocolate Cake, topped with crunchy Dark Chocolate morsels - for a perfect dessert treat!', 4, '2021-03-17 22:08:58'),
(37, 'Lipton Ice Tea', 25, ' 250ml', 5, '2021-03-17 22:12:53'),
(38, 'Mirinda', 35, '500ml', 5, '2021-03-17 22:13:38'),
(39, 'PEPSI BLACK CAN', 45, 'PEPSI BLACK CAN', 5, '2021-03-17 22:14:24'),
(40, 'Pepsi\r\n', 52, '500ml', 5, '2021-03-17 22:16:29'),
(41, '7Up', 52, '500ml', 5, '2021-03-17 22:17:08'),
(42, 'Cheese Burst', 249, 'Crust with oodles of yummy liquid cheese filled inside.', 6, '2021-03-18 07:57:27'),
(43, 'Classic Hand Tossed', 249, 'Dominos traditional hand stretched crust, crisp on outside, soft & light inside.', 6, '2021-03-18 07:59:52'),
(44, 'Wheat Thin Crust', 299, 'Presenting the light healthier and delicious light wheat thin crust from Dominos.', 6, '2021-03-18 08:00:39'),
(45, 'Fresh Pan Pizza', 299, 'Tastiest Pan Pizza.Ever.\r\nDomino’s freshly made pan-baked pizza; deliciously soft ,buttery,extra cheesy and delightfully crunchy.', 6, '2021-03-18 08:01:29'),
(46, 'New Hand Tossed', 299, 'Classic Domino\'s crust. Fresh, hand stretched.', 6, '2021-03-18 08:03:17'),
(47, 'BURGER PIZZA- CLASSIC VEG', 129, 'Bite into delight! Witness the epic combination of pizza and burger with our classic Burger Pizza, that looks good and tastes great!', 7, '2021-03-18 08:09:17'),
(48, 'BURGER PIZZA- PREMIUM VEG', 139, 'The good just got better! Treat yourself to the premium taste of the Burger Pizza, that looks good and tastes great with paneer and red paprika.', 7, '2021-03-18 08:09:59'),
(49, 'BURGER PIZZA- CLASSIC NON VEG', 149, 'For all the meat cravers, try the classic non-veg Burger Pizza loaded with the goodness of burger and the greatness of pizza.', 7, '2021-03-18 08:10:37'),
(50, 'Extra Cheese', 35, 'Extra Cheese', 8, '2021-03-18 08:14:52'),
(51, 'veg toppings', 55, 'Black Olives, Crisp Capsicum, Paneer, Mushroom, Golden Corn, Fresh Tomato, Jalapeno, Red Pepper & Babycorn.', 8, '2021-03-18 08:15:36'),
(52, 'Non Veg Toppings', 55, 'Barbeque Chicken, Hot \'n\' Spicy Chicken,Chunky Chicken and Chicken Salami.', 8, '2021-03-18 08:16:29'),
(53, 'Packaged Drinking Water', 20, 'Drinking Water	', 5, '2021-03-18 08:20:40');

-- --------------------------------------------------------

--
-- Table structure for table `sitedetail`
--

CREATE TABLE `sitedetail` (
  `tempId` int(11) NOT NULL,
  `systemName` varchar(21) NOT NULL,
  `email` varchar(35) NOT NULL,
  `contact1` bigint(21) NOT NULL,
  `contact2` bigint(21) DEFAULT NULL COMMENT 'Optional',
  `address` text NOT NULL,
  `dateTime` datetime NOT NULL DEFAULT current_timestamp()
) ENGINE=InnoDB DEFAULT CHARSET=utf8mb4 COLLATE=utf8mb4_general_ci;

--
-- Dumping data for table `sitedetail`
--

INSERT INTO `sitedetail` (`tempId`, `systemName`, `email`, `contact1`, `contact2`, `address`, `dateTime`) VALUES
(3, 'Pizza World', '201801195@pua.edu.eg', 1553130965, NULL, 'Alexandria,Egypt\r\n', '2022-12-12 23:28:18');

-- --------------------------------------------------------

--
-- Table structure for table `users`
--

CREATE TABLE `users` (
  `id` int(21) NOT NULL,
  `username` varchar(21) NOT NULL,
  `firstName` varchar(21) NOT NULL,
  `lastName` varchar(21) NOT NULL,
  `email` varchar(35) NOT NULL,
  `phone` bigint(20) NOT NULL,
  `userType` enum('0','1') NOT NULL DEFAULT '0' COMMENT '0=user\r\n1=admin',
  `password` varchar(255) NOT NULL,
  `joinDate` datetime NOT NULL DEFAULT current_timestamp()
) ENGINE=InnoDB DEFAULT CHARSET=utf8mb4 COLLATE=utf8mb4_general_ci;

--
-- Dumping data for table `users`
--

INSERT INTO `users` (`id`, `username`, `firstName`, `lastName`, `email`, `phone`, `userType`, `password`, `joinDate`) VALUES
(1, 'admin', 'admin', 'admin', 'admin@gmail.com', 1111111111, '1', '$2y$10$AAfxRFOYbl7FdN17rN3fgeiPu/xQrx6MnvRGzqjVHlGqHAM4d9T1i', '2021-04-11 11:40:58'),
(5, 'Ahmed', 'Ahmed', 'Abdelmotilab', 'ahmedabdelmotilab@gmail.com', 2015531309, '0', '$2y$10$BsytVVnl2I.mDTC8u.BWvez4dVz5zRX7CdfFdQDN617Yerl5zezAW', '2022-12-23 09:25:53'),
(6, 'Maro', 'Marawan', 'Fawzy', 'ahmedabdelmotilab@gmail.com', 2015531309, '0', '$2y$10$Iu6JENgM96RLKeN6rCJlXu88hzsh0S3/vNeGJQ9.sAPVI/LXwQFRu', '2022-12-23 09:26:44');

-- --------------------------------------------------------

--
-- Table structure for table `viewcart`
--

CREATE TABLE `viewcart` (
  `cartItemId` int(11) NOT NULL,
  `pizzaId` int(11) NOT NULL,
  `itemQuantity` int(100) NOT NULL,
  `userId` int(11) NOT NULL,
  `addedDate` datetime NOT NULL DEFAULT current_timestamp()
) ENGINE=InnoDB DEFAULT CHARSET=utf8mb4 COLLATE=utf8mb4_general_ci;

--
-- Indexes for dumped tables
--

--
-- Indexes for table `categories`
--
ALTER TABLE `categories`
  ADD PRIMARY KEY (`categorieId`);
ALTER TABLE `categories` ADD FULLTEXT KEY `categorieName` (`categorieName`,`categorieDesc`);

--
-- Indexes for table `contact`
--
ALTER TABLE `contact`
  ADD PRIMARY KEY (`contactId`);

--
-- Indexes for table `contactreply`
--
ALTER TABLE `contactreply`
  ADD PRIMARY KEY (`id`);

--
-- Indexes for table `deliverydetails`
--
ALTER TABLE `deliverydetails`
  ADD PRIMARY KEY (`id`),
  ADD UNIQUE KEY `orderId` (`orderId`);

--
-- Indexes for table `orderitems`
--
ALTER TABLE `orderitems`
  ADD PRIMARY KEY (`id`);

--
-- Indexes for table `orders`
--
ALTER TABLE `orders`
  ADD PRIMARY KEY (`orderId`);

--
-- Indexes for table `pizza`
--
ALTER TABLE `pizza`
  ADD PRIMARY KEY (`pizzaId`);
ALTER TABLE `pizza` ADD FULLTEXT KEY `pizzaName` (`pizzaName`,`pizzaDesc`);

--
-- Indexes for table `sitedetail`
--
ALTER TABLE `sitedetail`
  ADD PRIMARY KEY (`tempId`);

--
-- Indexes for table `users`
--
ALTER TABLE `users`
  ADD PRIMARY KEY (`id`) USING BTREE,
  ADD UNIQUE KEY `username` (`username`);

--
-- Indexes for table `viewcart`
--
ALTER TABLE `viewcart`
  ADD PRIMARY KEY (`cartItemId`);

--
-- AUTO_INCREMENT for dumped tables
--

--
-- AUTO_INCREMENT for table `categories`
--
ALTER TABLE `categories`
  MODIFY `categorieId` int(12) NOT NULL AUTO_INCREMENT, AUTO_INCREMENT=26;

--
-- AUTO_INCREMENT for table `contact`
--
ALTER TABLE `contact`
  MODIFY `contactId` int(21) NOT NULL AUTO_INCREMENT, AUTO_INCREMENT=2;

--
-- AUTO_INCREMENT for table `contactreply`
--
ALTER TABLE `contactreply`
  MODIFY `id` int(21) NOT NULL AUTO_INCREMENT, AUTO_INCREMENT=2;

--
-- AUTO_INCREMENT for table `deliverydetails`
--
ALTER TABLE `deliverydetails`
  MODIFY `id` int(21) NOT NULL AUTO_INCREMENT, AUTO_INCREMENT=4;

--
-- AUTO_INCREMENT for table `orderitems`
--
ALTER TABLE `orderitems`
  MODIFY `id` int(21) NOT NULL AUTO_INCREMENT, AUTO_INCREMENT=20;

--
-- AUTO_INCREMENT for table `orders`
--
ALTER TABLE `orders`
  MODIFY `orderId` int(21) NOT NULL AUTO_INCREMENT, AUTO_INCREMENT=4;

--
-- AUTO_INCREMENT for table `pizza`
--
ALTER TABLE `pizza`
  MODIFY `pizzaId` int(12) NOT NULL AUTO_INCREMENT, AUTO_INCREMENT=55;

--
-- AUTO_INCREMENT for table `sitedetail`
--
ALTER TABLE `sitedetail`
  MODIFY `tempId` int(11) NOT NULL AUTO_INCREMENT, AUTO_INCREMENT=4;

--
-- AUTO_INCREMENT for table `users`
--
ALTER TABLE `users`
  MODIFY `id` int(21) NOT NULL AUTO_INCREMENT, AUTO_INCREMENT=7;

--
-- AUTO_INCREMENT for table `viewcart`
--
ALTER TABLE `viewcart`
  MODIFY `cartItemId` int(11) NOT NULL AUTO_INCREMENT, AUTO_INCREMENT=27;
COMMIT;

/*!40101 SET CHARACTER_SET_CLIENT=@OLD_CHARACTER_SET_CLIENT */;
/*!40101 SET CHARACTER_SET_RESULTS=@OLD_CHARACTER_SET_RESULTS */;
/*!40101 SET COLLATION_CONNECTION=@OLD_COLLATION_CONNECTION */;
